symbol,name,market,asset_type,case_type,as_of,lookback_days,forward_days,upward_signal_score,upside_signal_score,downside_signal_score,risk_signal_score,chart_shape_label,signal_reason,forward_return_20d,forward_return_60d,forward_return_120d,max_drawdown_after_signal,benchmark_return,excess_return,success_flag,false_positive_flag,adjustment_note
1343.T,NEXT FUNDS J-REIT ETF,jp,etf,etf,2016-11-14,60,60,10.63,23.0000,75,25,反転材料弱め,形状は「反転材料弱め」。予測の上向き材料は不足。下落安全性を確認。危険条件は上限固定ではなく28点減点。ETFには個別株の配当罠判定を適用しません。上向きの確定や買い推奨ではなく、下落理由と危険度を深掘りする候補です。,4.503020318506315211422295400,5.326743547501372872048325100,2.745744096650192202086765500,-3.821015585721468074409250880,,,False,False,
1343.T,NEXT FUNDS J-REIT ETF,jp,etf,etf,2019-02-22,60,60,33.03,35.8500,55,45,反転材料弱め,形状は「反転材料弱め」。予測の上向き材料は不足。下落安全性は相対的に良好。危険条件は上限固定ではなく11点減点。ETFには個別株の配当罠判定を適用しません。上向きの確定や買い推奨ではなく、下落理由と危険度を深掘りする候補です。,2.487309644670050761421319800,4.568527918781725888324873100,12.33502538071065989847715740,-3.056768558951965065502183410,,,False,False,
1343.T,NEXT FUNDS J-REIT ETF,jp,etf,etf,2021-07-13,60,60,73.12,45.4500,0,100,蓄積上昇準備,形状は「蓄積上昇準備」。予測は上向き。下落安全性は相対的に良好。ETFには個別株の配当罠判定を適用しません。上向きの確定や買い推奨ではなく、下落理由と危険度を深掘りする候補です。,-2.179487179487179487179487180,-5.897435897435897435897435900,-7.670940170940170940170940170,-7.394815129621759456013599660,,,False,True,
1343.T,NEXT FUNDS J-REIT ETF,jp,etf,etf,2023-11-24,60,60,68.54,41.6000,15,85,蓄積上昇準備,形状は「蓄積上昇準備」。予測は上向き。下落安全性は相対的に良好。ETFには個別株の配当罠判定を適用しません。上向きの確定や買い推奨ではなく、下落理由と危険度を深掘りする候補です。,-2.310817673946165566277298120,-6.094464195022854240731335700,-4.189944134078212290502793300,-8.148893360160965794768611670,,,False,True,
1343.T,NEXT FUNDS J-REIT ETF,jp,etf,etf,2026-04-13,60,60,64.70,47.1000,0,100,反転材料弱め,形状は「反転材料弱め」。予測は上向き。下落安全性は相対的に良好。ETFには個別株の配当罠判定を適用しません。上向きの確定や買い推奨ではなく、下落理由と危険度を深掘りする候補です。,-4.657335907335907335907335910,-4.633204633204633204633204630,,-10.59885931558935361216730038,,,False,False,
1605.T,Inpex,jp,stock,sideways,2016-11-14,60,60,85.94,100,12.14064909798345,87.85935090201655,横ばい上放れ候補,形状は「横ばい上放れ候補」。予測は上向き。下落安全性は相対的に良好。上向きの確定や買い推奨ではなく、下落理由と危険度を深掘りする候補です。,24.62686567164179104477611940,15.02487562189054726368159200,10.54726368159203980099502490,-15.50695825049701789264413519,,,True,False,
1605.T,Inpex,jp,stock,chart_shape,2019-02-22,60,60,42.91,35.9500,43.37942806988802,56.62057193011198,反転材料弱め,形状は「反転材料弱め」。予測の上向き材料は不足。下落安全性を確認。危険条件は上限固定ではなく3点減点。上向きの確定や買い推奨ではなく、下落理由と危険度を深掘りする候補です。,-8.810572687224669603524229070,-20.40528419259361233480176211,-20.84581282695484581497797357,-20.40528419259361233480176211,,,False,False,
1605.T,Inpex,jp,stock,chart_shape,2021-07-14,60,60,69.63,53.1500,32.24597810239856,67.75402189760144,押し目反発待ち,形状は「押し目反発待ち」。予測は上向き。下落安全性は相対的に良好。上向きの確定や買い推奨ではなく、下落理由と危険度を深掘りする候補です。,-7.372175980975029726516052320,16.40903686087990487514863260,29.36979785969084423305588590,-13.55529131985731272294887039,,,True,False,
1605.T,Inpex,jp,stock,sideways,2023-11-24,60,60,85.89,71.4500,1.516682809904584,98.483317190095416,横ばい上放れ候補,形状は「横ばい上放れ候補」。予測は上向き。下落安全性は相対的に良好。上向きの確定や買い推奨ではなく、下落理由と危険度を深掘りする候補です。,-8.666824532322993132843949800,-6.038361354487331281079801090,12.28984134501539190149183050,-12.69239876864788065356381719,,,False,True,
1605.T,Inpex,jp,stock,chart_shape,2026-04-13,60,60,63.49,70.5000,21.242741579541864,78.757258420458136,反転材料弱め,形状は「反転材料弱め」。予測は上向き。下落安全性は相対的に良好。危険条件は上限固定ではなく6点減点。上向きの確定や買い推奨ではなく、下落理由と危険度を深掘りする候補です。,-8.323591302314706570025718960,-21.41688099134907645545943418,,-25.08767827916764086976852934,,,False,False,
2914.T,Japan Tobacco,jp,stock,falling_knife,2016-11-14,60,60,29.92,40.6500,35.878713879530412,64.121286120469588,落ちるナイフ注意,形状は「落ちるナイフ注意」。予測は上向き。下落安全性は相対的に良好。危険条件は上限固定ではなく22点減点。上向きの確定や買い推奨ではなく、下落理由と危険度を深掘りする候補です。,5.540540540540540540540540500,1.162162162162162162162162200,6.270270270270270270270270300,-8.434650455927051671732522800,,,False,False,
2914.T,Japan Tobacco,jp,stock,already_rising,2019-02-22,60,60,0.85,19.8000,75,25,上昇済み・兆候薄め,形状は「上昇済み・兆候薄め」。予測の上向き材料は不足。下落安全性を確認。危険条件は上限固定ではなく33点減点。上向きの確定や買い推奨ではなく、下落理由と危険度を深掘りする候補です。,-6.435986159169550173010380620,-11.85121107266435986159169550,-23.28719723183391003460207612,-14.61937716262975778546712803,,,False,False,
2914.T,Japan Tobacco,jp,stock,already_rising,2021-07-14,60,60,2.34,24.1500,75,25,上昇済み・兆候薄め,形状は「上昇済み・兆候薄め」。予測の上向き材料は不足。下落安全性を確認。危険条件は上限固定ではなく33点減点。上向きの確定や買い推奨ではなく、下落理由と危険度を深掘りする候補です。,-0.2090106827682303762192289800,5.155596841616349280074314900,9.962842545285647933116581500,-4.197867029725436805082822780,,,False,False,
2914.T,Japan Tobacco,jp,stock,chart_shape,2023-11-24,60,60,59.74,47.9500,15,85,反転材料弱め,形状は「反転材料弱め」。予測は上向き。下落安全性は相対的に良好。上向きの確定や買い推奨ではなく、下落理由と危険度を深掘りする候補です。,-1.586462189317821258593336860,4.151242728714965626652564800,17.82125859333685880486515070,-6.206180212931706050376525580,,,False,False,
2914.T,Japan Tobacco,jp,stock,chart_shape,2026-04-13,60,60,53.45,38.8000,15,85,反転材料弱め,形状は「反転材料弱め」。予測の上向き材料は不足。下落安全性は相対的に良好。危険条件は上限固定ではなく3点減点。上向きの確定や買い推奨ではなく、下落理由と危険度を深掘りする候補です。,5.845792037628086678985385500,2.754913488997144296993112700,,-8.197737486440415310708197740,,,False,False,
4755.T,Rakuten Group,jp,stock,chart_shape,2016-11-14,60,60,48.92,23.2000,51.311749644067305,48.688250355932695,底打ち接近,形状は「底打ち接近」。予測の上向き材料は不足。下落安全性を確認。危険条件は上限固定ではなく11点減点。上向きの確定や買い推奨ではなく、下落理由と危険度を深掘りする候補です。,0.172413793103448275862069000,-2.715517241379310344827586210,6.637931034482758620689655200,-11.37945149406467458043389275,,,False,False,
4755.T,Rakuten Group,jp,stock,already_rising,2019-02-22,60,60,0.00,21.3500,78.741602308213604,21.258397691786396,上昇済み・兆候薄め,形状は「上昇済み・兆候薄め」。予測の上向き材料は不足。下落安全性を確認。危険条件は上限固定ではなく35点減点。上向きの確定や買い推奨ではなく、下落理由と危険度を深掘りする候補です。,22.85714285714285714285714290,36.90476190476190476190476190,20.83333333333333333333333330,-12.06477732793522267206477733,,,True,False,
4755.T,Rakuten Group,jp,stock,already_rising,2021-07-14,60,60,32.07,39.0000,35,65,上昇済み・兆候薄め,形状は「上昇済み・兆候薄め」。予測の上向き材料は不足。下落安全性は相対的に良好。危険条件は上限固定ではなく11点減点。上向きの確定や買い推奨ではなく、下落理由と危険度を深掘りする候補です。,-9.438202247191011235955056180,-16.40449438202247191011235955,-12.58426966292134831460674157,-23.12223858615611192930780560,,,False,False,
4755.T,Rakuten Group,jp,stock,already_rising,2023-11-24,60,60,0.00,30.6500,82.59411757478996,17.40588242521004,上昇済み・兆候薄め,形状は「上昇済み・兆候薄め」。予測の上向き材料は不足。下落安全性を確認。危険条件は上限固定ではなく35点減点。上向きの確定や買い推奨ではなく、下落理由と危険度を深掘りする候補です。,0.155729943050059590334667800,36.35576513410940955274613830,34.26198159461124757797428350,-9.814518914702762370721835860,,,True,False,
4755.T,Rakuten Group,jp,stock,chart_shape,2026-04-13,60,60,47.35,38.4500,47.02585539082004,52.97414460917996,反転材料弱め,形状は「反転材料弱め」。予測の上向き材料は不足。下落安全性は相対的に良好。危険条件は上限固定ではなく3点減点。上向きの確定や買い推奨ではなく、下落理由と危険度を深掘りする候補です。,1.885058635775220120459536600,5.144650679009093836895595000,,-17.30169753210562533539718852,,,False,False,
6861.T,Keyence,jp,stock,chart_shape,2016-11-14,60,60,58.71,47.7000,15,85,反転材料弱め,形状は「反転材料弱め」。予測は上向き。下落安全性は相対的に良好。上向きの確定や買い推奨ではなく、下落理由と危険度を深掘りする候補です。,0.368033648790746582544689800,16.35120925341745531019978970,26.41955835962145110410094640,-8.722109533468559837728194730,,,True,False,
6861.T,Keyence,jp,stock,already_rising,2019-02-22,60,60,45.92,55.6000,15.182938947977284,84.817061052022716,上昇済み・兆候薄め,形状は「上昇済み・兆候薄め」。予測は上向き。下落安全性は相対的に良好。危険条件は上限固定ではなく8点減点。上向きの確定や買い推奨ではなく、下落理由と危険度を深掘りする候補です。,5.871531503909244212785528100,-4.016556799018856354438141960,-6.791353671623486126015636980,-14.66539457543955295079732861,,,False,False,
6861.T,Keyence,jp,stock,sideways,2021-07-14,60,60,81.98,70.2000,0,100,横ばい上放れ候補,形状は「横ばい上放れ候補」。予測は上向き。下落安全性は相対的に良好。上向きの確定や買い推奨ではなく、下落理由と危険度を深掘りする候補です。,7.066052227342549923195084500,10.54787506400409626216077830,11.98156682027649769585253460,-18.09686759673598315346143722,,,True,False,
6861.T,Keyence,jp,stock,chart_shape,2023-11-24,60,60,57.06,50.2500,26.20841887709564,73.79158112290436,反転材料弱め,形状は「反転材料弱め」。予測は上向き。下落安全性は相対的に良好。上向きの確定や買い推奨ではなく、下落理由と危険度を深掘りする候補です。,-1.836024058246280468502690720,12.21905666350110794555239000,13.59607470718581829692940800,-5.422929560860595343353964040,,,True,False,
6861.T,Keyence,jp,stock,already_rising,2026-04-13,60,60,33.71,40.8500,49.63698146127423,50.36301853872577,上昇済み・兆候薄め,形状は「上昇済み・兆候薄め」。予測は上向き。下落安全性を確認。危険条件は上限固定ではなく8点減点。上向きの確定や買い推奨ではなく、下落理由と危険度を深掘りする候補です。,21.50503778337531486146095720,21.17443324937027707808564230,,-15.32612569799215872638707378,,,True,False,
6954.T,Fanuc,jp,stock,already_rising,2016-11-14,60,60,54.46,74.2000,27.31676702589264,72.68323297410736,上昇済み・兆候薄め,形状は「上昇済み・兆候薄め」。予測は上向き。下落安全性は相対的に良好。危険条件は上限固定ではなく5点減点。上向きの確定や買い推奨ではなく、下落理由と危険度を深掘りする候補です。,3.920080930703085483055134000,14.84572584724329792615073340,14.89630753667172483560950940,-4.958131335390039665050683120,,,True,False,
6954.T,Fanuc,jp,stock,already_rising,2019-02-22,60,60,42.08,45.4000,41.29854284120666,58.70145715879334,上昇済み・兆候薄め,形状は「上昇済み・兆候薄め」。予測は上向き。下落安全性は相対的に良好。危険条件は上限固定ではなく5点減点。上向きの確定や買い推奨ではなく、下落理由と危険度を深掘りする候補です。,-3.366743767668979696736057570,-5.756874839372911847854022100,-5.551272166538164996144949880,-16.73878387611022546117057618,,,False,False,
6954.T,Fanuc,jp,stock,sideways,2021-07-14,60,60,79.21,64.1000,6.98528475532694,93.01471524467306,横ばい上放れ候補,形状は「横ばい上放れ候補」。予測は上向き。下落安全性は相対的に良好。上向きの確定や買い推奨ではなく、下落理由と危険度を深掘りする候補です。,-13.76745873390168692182115001,-17.64919281697805187738073644,-11.10103391982586613459096681,-19.64447669145655722836930891,,,False,True,
6954.T,Fanuc,jp,stock,chart_shape,2023-11-24,60,60,50.28,41.2000,45.20448296388389,54.79551703611611,反転材料弱め,形状は「反転材料弱め」。予測は上向き。下落安全性は相対的に良好。上向きの確定や買い推奨ではなく、下落理由と危険度を深掘りする候補です。,1.094890510948905109489051100,4.257907542579075425790754300,11.70316301703163017031630170,-11.95578614933453643131062486,,,False,False,
6954.T,Fanuc,jp,stock,already_rising,2026-04-13,60,60,47.78,60.1500,28.284562617428534,71.715437382571466,上昇済み・兆候薄め,形状は「上昇済み・兆候薄め」。予測は上向き。下落安全性は相対的に良好。危険条件は上限固定ではなく8点減点。上向きの確定や買い推奨ではなく、下落理由と危険度を深掘りする候補です。,33.09608540925266903914590750,15.75541895826593335490132640,,-20.50308495491219743711438064,,,True,False,
8766.T,Tokio Marine Holdings,jp,stock,already_rising,2016-11-14,60,60,32.81,28.7500,37.59088771991233,62.40911228008767,上昇済み・兆候薄め,形状は「上昇済み・兆候薄め」。予測の上向き材料は不足。下落安全性は相対的に良好。危険条件は上限固定ではなく11点減点。上向きの確定や買い推奨ではなく、下落理由と危険度を深掘りする候補です。,16.28008709249117748192244230,6.323845692337785587428371500,7.768046966671680364050523600,-13.60341974736548961709280232,,,False,False,
8766.T,Tokio Marine Holdings,jp,stock,sideways,2019-02-22,60,60,65.62,41.7500,15,85,蓄積上昇準備,形状は「蓄積上昇準備」。予測は上向き。下落安全性は相対的に良好。上向きの確定や買い推奨ではなく、下落理由と危険度を深掘りする候補です。,-2.398691569542244323980147810,1.471924372219104471533272500,0.290746056777401052342342500,-6.172624368525577264347407310,,,False,True,
8766.T,Tokio Marine Holdings,jp,stock,already_rising,2021-07-14,60,60,58.10,45.0500,0,100,上昇済み・兆候薄め,形状は「上昇済み・兆候薄め」。予測は上向き。下落安全性は相対的に良好。危険条件は上限固定ではなく5点減点。上向きの確定や買い推奨ではなく、下落理由と危険度を深掘りする候補です。,1.850088200051896763856104200,15.65897889100876342863688570,33.32062107085444913471051840,-3.758907404996679062381294430,,,True,False,
8766.T,Tokio Marine Holdings,jp,stock,already_rising,2023-11-24,60,60,54.39,54.8500,0.72276390310915,99.27723609689085,上昇済み・兆候薄め,形状は「上昇済み・兆候薄め」。予測は上向き。下落安全性は相対的に良好。危険条件は上限固定ではなく8点減点。上向きの確定や買い推奨ではなく、下落理由と危険度を深掘りする候補です。,-7.496653279785809906291834000,16.30522088353413654618473900,38.15261044176706827309236950,-10.30927835051546391752577320,,,True,False,
8766.T,Tokio Marine Holdings,jp,stock,chart_shape,2026-04-13,60,60,74.20,70.1000,55.39186195880536,44.60813804119464,押し目反発待ち,形状は「押し目反発待ち」。予測は上向き。下落安全性を確認。危険条件は上限固定ではなく5点減点。上向きの確定や買い推奨ではなく、下落理由と危険度を深掘りする候補です。,8.114285714285714285714285700,8.700,,-13.82563844508743238143162662,,,True,False,
9020.T,East Japan Railway,jp,stock,already_rising,2016-11-14,60,60,0.00,17.8000,75,25,上昇済み・兆候薄め,形状は「上昇済み・兆候薄め」。予測の上向き材料は不足。下落安全性を確認。危険条件は上限固定ではなく33点減点。上向きの確定や買い推奨ではなく、下落理由と危険度を深掘りする候補です。,6.812131338245821979625185600,11.12293484517054125234548450,10.48429728858910136009062540,-5.125771119942196029460113670,,,True,False,
9020.T,East Japan Railway,jp,stock,chart_shape,2019-02-22,60,60,47.11,35.5500,35,65,反転材料弱め,形状は「反転材料弱め」。予測の上向き材料は不足。下落安全性は相対的に良好。危険条件は上限固定ではなく3点減点。上向きの確定や買い推奨ではなく、下落理由と危険度を深掘りする候補です。,-0.1422475106685633001422475100,-0.8060669118954480796586059700,-4.362254678609530583214793740,-9.853211229868729166712863000,,,False,False,
9020.T,East Japan Railway,jp,stock,chart_shape,2021-07-14,60,60,54.36,45.6000,35,65,反転材料弱め,形状は「反転材料弱め」。予測は上向き。下落安全性は相対的に良好。上向きの確定や買い推奨ではなく、下落理由と危険度を深掘りする候補です。,-10.06351700620884687930710644,-9.677419649103410327486273130,-13.63806243985615741132235403,-14.36044078862928003629908100,,,False,False,
9020.T,East Japan Railway,jp,stock,chart_shape,2023-11-24,60,60,61.19,43.1000,15,85,反転材料弱め,形状は「反転材料弱め」。予測は上向き。下落安全性は相対的に良好。上向きの確定や買い推奨ではなく、下落理由と危険度を深掘りする候補です。,1.139205722059477092241233800,13.20730445010458650302765850,6.697543058437049542910265600,-3.740672610671776412050657100,,,True,False,
9020.T,East Japan Railway,jp,stock,sideways,2026-04-13,60,60,74.19,47.2000,0,100,蓄積上昇準備,形状は「蓄積上昇準備」。予測は上向き。下落安全性は相対的に良好。上向きの確定や買い推奨ではなく、下落理由と危険度を深掘りする候補です。,4.553026096612992781787895600,-3.442531926707384786229872290,,-13.41077085533262935586061246,,,False,True,
ABBV,AbbVie,us,stock,chart_shape,2016-11-07,60,60,0.72,3.2000,85.55091032169833,14.44908967830167,反転材料弱め,形状は「反転材料弱め」。予測の上向き材料は不足。下落安全性を確認。危険条件は上限固定ではなく35点減点。上向きの確定や買い推奨ではなく、下落理由と危険度を深掘りする候補です。,4.600236108457068770858517700,2.987605374455820747595885000,13.10473166865064257911357490,-7.9218745231628437500,,,False,False,
ABBV,AbbVie,us,stock,sideways,2019-03-19,60,60,65.03,52.1000,15,85,蓄積上昇準備,形状は「蓄積上昇準備」。予測は上向き。下落安全性は相対的に良好。上向きの確定や買い推奨ではなく、下落理由と危険度を深掘りする候補です。,-0.7547644304069762900978063200,-2.313787124032600721734789290,-17.47092650321587011805958515,-9.859497591944061139365227920,,,False,True,
ABBV,AbbVie,us,stock,sideways,2021-07-23,60,60,75.62,63.5000,0,100,蓄積上昇準備,形状は「蓄積上昇準備」。予測は上向き。下落安全性は相対的に良好。上向きの確定や買い推奨ではなく、下落理由と危険度を深掘りする候補です。,0.533037685425462926785184000,-9.103986728120119316782214650,16.16041158320099126999496490,-11.90594253912418615705924913,,,False,True,
ABBV,AbbVie,us,stock,sideways,2023-11-29,60,60,85.47,61.8000,0,100,横ばい上放れ候補,形状は「横ばい上放れ候補」。予測は上向き。下落安全性は相対的に良好。上向きの確定や買い推奨ではなく、下落理由と危険度を深掘りする候補です。,11.73285198555956678700361010,29.23466100589462815884476530,15.24187769700473646209386280,-2.143281395755594029850746270,,,True,False,
ABBV,AbbVie,us,stock,chart_shape,2026-04-13,60,60,87.84,58.9000,0,100,押し目反発待ち,形状は「押し目反発待ち」。予測は上向き。下落安全性は相対的に良好。上向きの確定や買い推奨ではなく、下落理由と危険度を深掘りする候補です。,-1.787185750757983135710697060,21.03937723861961816225140510,,-6.125744297783993233791350110,,,True,False,
AMD,Advanced Micro Devices,us,stock,chart_shape,2016-11-07,60,60,89.05,100,31.66838128237264,68.33161871762736,押し目反発待ち,形状は「押し目反発待ち」。予測は上向き。下落安全性は相対的に良好。上向きの確定や買い推奨ではなく、下落理由と危険度を深掘りする候補です。,35.77585858434995524870460270,75.86206471310502380243245850,48.27585687157281485175967880,-19.22120756820786506967241035,,,True,False,
AMD,Advanced Micro Devices,us,stock,already_rising,2019-03-19,60,60,56.14,100,23.36390604974537,76.63609395025463,上昇済み・兆候薄め,形状は「上昇済み・兆候薄め」。予測は上向き。下落安全性は相対的に良好。危険条件は上限固定ではなく8点減点。上向きの確定や買い推奨ではなく、下落理由と危険度を深掘りする候補です。,7.423078096829923076923076900,20.73076688326322307692307690,17.30769230769230769230769230,-10.75654379940026208983021261,,,True,False,
AMD,Advanced Micro Devices,us,stock,already_rising,2021-07-23,60,60,64.40,100,2.08242538817007,97.91757461182993,上昇済み・兆候薄め,形状は「上昇済み・兆候薄め」。予測は上向き。下落安全性は相対的に良好。危険条件は上限固定ではなく8点減点。上向きの確定や買い推奨ではなく、下落理由と危険度を深掘りする候補です。,13.56483971027343791873736140,26.34834332854375328290091310,49.18068252239453338556054290,-15.51738724095661036775735864,,,True,False,
AMD,Advanced Micro Devices,us,stock,already_rising,2023-11-29,60,60,61.20,100,12.29317734667924,87.70682265332076,上昇済み・兆候薄め,形状は「上昇済み・兆候薄め」。予測は上向き。下落安全性は相対的に良好。危険条件は上限固定ではなく5点減点。上向きの確定や買い推奨ではなく、下落理由と危険度を深掘りする候補です。,20.11303701220462488366636730,43.72224642149974384470702860,33.64554405468720025892325370,-9.034678461217330040435205880,,,True,False,
AMD,Advanced Micro Devices,us,stock,already_rising,2026-04-13,60,60,51.68,95.1500,19.36199452909052,80.63800547090948,上昇済み・兆候薄め,形状は「上昇済み・兆候薄め」。予測は上向き。下落安全性は相対的に良好。危険条件は上限固定ではなく8点減点。上向きの確定や買い推奨ではなく、下落理由と危険度を深掘りする候補です。,85.87287004881415425446507080,121.4965630787998911830692740,,-16.61137329321624155214606316,,,True,False,
AVGO,Broadcom,us,stock,already_rising,2016-11-07,60,60,56.69,51.5000,0,100,上昇済み・兆候薄め,形状は「上昇済み・兆候薄め」。予測は上向き。下落安全性は相対的に良好。危険条件は上限固定ではなく5点減点。上向きの確定や買い推奨ではなく、下落理由と危険度を深掘りする候補です。,-6.894209834227941104235459140,16.50090538705296949389007540,27.40167927741490622923384990,-8.069803702936175749160332020,,,True,False,
AVGO,Broadcom,us,stock,already_rising,2019-03-19,60,60,51.76,67.7500,5.75594013812526,94.24405986187474,上昇済み・兆候薄め,形状は「上昇済み・兆候薄め」。予測は上向き。下落安全性は相対的に良好。危険条件は上限固定ではなく8点減点。上向きの確定や買い推奨ではなく、下落理由と危険度を深掘りする候補です。,6.411415058846081975246207400,-5.913602860583271470535156240,-2.238482114727169908817378840,-21.49253281939117777779349165,,,False,False,
AVGO,Broadcom,us,stock,already_rising,2021-07-23,60,60,62.31,69.9500,0,100,上昇済み・兆候薄め,形状は「上昇済み・兆候薄め」。予測は上向き。下落安全性は相対的に良好。危険条件は上限固定ではなく5点減点。上向きの確定や買い推奨ではなく、下落理由と危険度を深掘りする候補です。,-1.651661716600395257755580450,4.182965882006748752859031600,28.73849225063354695603167430,-6.628865436240807128710974450,,,False,False,
AVGO,Broadcom,us,stock,chart_shape,2023-11-29,60,60,89.05,68.3000,0,100,押し目反発待ち,形状は「押し目反発待ち」。予測は上向き。下落安全性は相対的に良好。上向きの確定や買い推奨ではなく、下落理由と危険度を深掘りする候補です。,19.29997671843833308866948710,37.77515687888242451206382220,47.97997380236394828322292170,-8.543152774538816056861386660,,,True,False,
AVGO,Broadcom,us,stock,already_rising,2026-04-13,60,60,47.84,69.9500,16.45631520929283,83.54368479070717,上昇済み・兆候薄め,形状は「上昇済み・兆候薄め」。予測は上向き。下落安全性は相対的に良好。危険条件は上限固定ではなく8点減点。上向きの確定や買い推奨ではなく、下落理由と危険度を深掘りする候補です。,12.81895791330645161290322580,5.624749269667544437129690600,,-25.15106698404558758425017456,,,False,False,
BA,Boeing,us,stock,chart_shape,2016-11-07,60,60,52.17,34.8500,15,85,反転材料弱め,形状は「反転材料弱め」。予測の上向き材料は不足。下落安全性は相対的に良好。危険条件は上限固定ではなく3点減点。上向きの確定や買い推奨ではなく、下落理由と危険度を深掘りする候補です。,6.439213306628579834629267200,13.54261013948302069643122810,28.25281689644996668031315980,-4.056291868739762537434199180,,,True,False,
BA,Boeing,us,stock,chart_shape,2019-03-19,60,60,77.19,88.2000,23.3271742973674,76.6728257026326,底打ち接近,形状は「底打ち接近」。予測は上向き。下落安全性は相対的に良好。上向きの確定や買い推奨ではなく、下落理由と危険度を深掘りする候補です。,2.219963234747292258915377600,-6.579548457841970868595848140,-3.923089784918198218223856160,-14.77542373534676684495441559,,,False,True,
BA,Boeing,us,stock,chart_shape,2021-07-23,60,60,88.77,84.1000,7.137101907123935,92.862898092876065,押し目反発待ち,形状は「押し目反発待ち」。予測は上向き。下落安全性は相対的に良好。上向きの確定や買い推奨ではなく、下落理由と危険度を深掘りする候補です。,-3.995127271950789004430734820,-2.049480163126869157347522850,-1.837309157511928448112938430,-12.93582624566452119466750744,,,False,True,
BA,Boeing,us,stock,chart_shape,2023-11-29,60,60,44.35,37.0500,35,65,反転材料弱め,形状は「反転材料弱め」。予測の上向き材料は不足。下落安全性は相対的に良好。危険条件は上限固定ではなく3点減点。上向きの確定や買い推奨ではなく、下落理由と危険度を深掘りする候補です。,16.00499692553372354714811640,-10.26155127695732864045497206,-16.99861655816968818521096060,-24.15332395876530335106706592,,,False,False,
BA,Boeing,us,stock,already_rising,2026-04-13,60,60,42.85,44.5000,28.18597939587099,71.81402060412901,上昇済み・兆候薄め,形状は「上昇済み・兆候薄め」。予測は上向き。下落安全性は相対的に良好。危険条件は上限固定ではなく5点減点。上向きの確定や買い推奨ではなく、下落理由と危険度を深掘りする候補です。,7.234179962353781513205059100,0.436662115498466747939989900,,-13.13383429006234106447585428,,,False,False,
DUK,Duke Energy デューク エナジー,us,stock,chart_shape,2016-11-07,60,60,7.70,0,75,25,反転材料弱め,形状は「反転材料弱め」。予測の上向き材料は不足。下落安全性を確認。危険条件は上限固定ではなく28点減点。上向きの確定や買い推奨ではなく、下落理由と危険度を深掘りする候補です。,-6.659922691756160575846073290,-1.870334612548141500211524760,4.119805698703795010128114100,-8.662901938096054235908658730,,,False,False,
DUK,Duke Energy デューク エナジー,us,stock,sideways,2019-03-19,60,60,73.86,49.5500,0,100,蓄積上昇準備,形状は「蓄積上昇準備」。予測は上向き。下落安全性は相対的に良好。上向きの確定や買い推奨ではなく、下落理由と危険度を深掘りする候補です。,-0.0336696676017111311609853000,-2.636900842786114568130639520,5.161578021043666527810858000,-6.555227881590594639666005020,,,False,True,
DUK,Duke Energy デューク エナジー,us,stock,chart_shape,2021-07-23,60,60,30.53,34.7500,55,45,反転材料弱め,形状は「反転材料弱め」。予測の上向き材料は不足。下落安全性は相対的に良好。危険条件は上限固定ではなく11点減点。上向きの確定や買い推奨ではなく、下落理由と危険度を深掘りする候補です。,2.622760440081766514593802600,-4.412750604465373498106945910,-0.8136292372825619941222959000,-10.08060522806856700316962079,,,False,False,
DUK,Duke Energy デューク エナジー,us,stock,sideways,2023-11-29,60,60,70.84,45.2500,0,100,蓄積上昇準備,形状は「蓄積上昇準備」。予測は上向き。下落安全性は相対的に良好。上向きの確定や買い推奨ではなく、下落理由と危険度を深掘りする候補です。,6.845991783871212077493834200,0.154337328917914719511890000,14.03373771956376986715780160,-8.793639116049555816056619680,,,False,True,
DUK,Duke Energy デューク エナジー,us,stock,sideways,2026-04-13,60,60,72.99,54.4000,0,100,蓄積上昇準備,形状は「蓄積上昇準備」。予測は上向き。下落安全性は相対的に良好。上向きの確定や買い推奨ではなく、下落理由と危険度を深掘りする候補です。,-4.217785757698383849122860980,-3.941711657083509728108015870,,-8.059812115619502622307363740,,,False,True,
F,Ford Motor フォード モーター,us,stock,chart_shape,2016-11-07,60,60,23.65,0,75,25,押し目反発待ち,形状は「押し目反発待ち」。予測の上向き材料は不足。下落安全性を確認。危険条件は上限固定ではなく28点減点。上向きの確定や買い推奨ではなく、下落理由と危険度を深掘りする候補です。,8.462871350322136558165183000,8.462871350322136558165183000,-5.699480585150851320558451410,-7.896734668400126008313405340,,,True,False,
F,Ford Motor フォード モーター,us,stock,chart_shape,2019-03-19,60,60,9.97,27.8000,75,25,反転材料弱め,形状は「反転材料弱め」。予測の上向き材料は不足。下落安全性を確認。危険条件は上限固定ではなく26点減点。上向きの確定や買い推奨ではなく、下落理由と危険度を深掘りする候補です。,7.586205308984451758508284500,15.63219126629427121453268250,9.655174379352570400795694700,-8.899515487808073429038378540,,,True,False,
F,Ford Motor フォード モーター,us,stock,chart_shape,2021-07-23,60,60,91.28,90.0000,1.104193038788164,98.895806961211836,押し目反発待ち,形状は「押し目反発待ち」。予測は上向き。下落安全性は相対的に良好。上向きの確定や買い推奨ではなく、下落理由と危険度を深掘りする候補です。,-9.044862717820046595406319620,12.59045414772429650336118370,77.06222759555374761742887530,-12.64767619927855980287922414,,,True,False,
F,Ford Motor フォード モーター,us,stock,already_rising,2023-11-29,60,60,53.29,62.7000,26.479504146906436,73.520495853093564,上昇済み・兆候薄め,形状は「上昇済み・兆候薄め」。予測は上向き。下落安全性は相対的に良好。危険条件は上限固定ではなく5点減点。上向きの確定や買い推奨ではなく、下落理由と危険度を深掘りする候補です。,16.52502336907285664895954180,13.31444595935673130715114380,13.59772955273666088359482440,-11.72690811658052313490555089,,,True,False,
F,Ford Motor フォード モーター,us,stock,already_rising,2026-04-13,60,60,47.21,41.5500,19.48239700424306,80.51760299575694,上昇済み・兆候薄め,形状は「上昇済み・兆候薄め」。予測は上向き。下落安全性は相対的に良好。危険条件は上限固定ではなく5点減点。上向きの確定や買い推奨ではなく、下落理由と危険度を深掘りする候補です。,-0.9046024511312565219528409300,11.92434068635062376409485860,,-23.39449972729508742738737114,,,True,False,
GE,GE Aerospace,us,stock,chart_shape,2016-11-07,60,60,4.75,0,75,25,反転材料弱め,形状は「反転材料弱め」。予測の上向き材料は不足。下落安全性を確認。危険条件は上限固定ではなく28点減点。上向きの確定や買い推奨ではなく、下落理由と危険度を深掘りする候補です。,6.345961947952996673052431700,1.330602822064220591332531300,-1.091780852572160296931667240,-7.968988810235635825865309300,,,False,False,
GE,GE Aerospace,us,stock,chart_shape,2019-03-19,60,60,2.97,0,84.01102197784724,15.98897802215276,反転材料弱め,形状は「反転材料弱め」。予測の上向き材料は不足。下落安全性を確認。危険条件は上限固定ではなく35点減点。上向きの確定や買い推奨ではなく、下落理由と危険度を深掘りする候補です。,-10.30421913048938476787410610,1.177630193864936299513675200,-12.07065691031531484255885752,-12.56085867878854709147927285,,,False,False,
GE,GE Aerospace,us,stock,chart_shape,2021-07-23,60,60,14.50,1.8500,87.972395134781316,12.027604865218684,押し目反発待ち,形状は「押し目反発待ち」。予測の上向き材料は不足。下落安全性を確認。危険条件は上限固定ではなく35点減点。上向きの確定や買い推奨ではなく、下落理由と危険度を深掘りする候補です。,-1.603069565205343786097357480,2.399684555181197935110385100,0.550745794194534921655512600,-9.106269752127686800866079010,,,False,False,
GE,GE Aerospace,us,stock,chart_shape,2023-11-29,60,60,29.99,31.7500,55,45,反転材料弱め,形状は「反転材料弱め」。予測の上向き材料は不足。下落安全性は相対的に良好。危険条件は上限固定ではなく11点減点。上向きの確定や買い推奨ではなく、下落理由と危険度を深掘りする候補です。,7.958943933398176626533795800,29.55578035979150616221919620,69.52290475097425594772448210,-3.319826281714702224044617970,,,True,False,
GE,GE Aerospace,us,stock,already_rising,2026-04-13,60,60,51.43,71.2000,14.08828094130317,85.91171905869683,上昇済み・兆候薄め,形状は「上昇済み・兆候薄め」。予測は上向き。下落安全性は相対的に良好。危険条件は上限固定ではなく8点減点。上向きの確定や買い推奨ではなく、下落理由と危険度を深掘りする候補です。,-3.568453062075533607713330400,15.11382352385767121998162380,,-13.11634951417550314465408805,,,True,False,
GM,General Motors ゼネラル モーターズ,us,stock,sideways,2016-11-07,60,60,74.19,54.0000,0,100,横ばい上放れ候補,形状は「横ばい上放れ候補」。予測は上向き。下落安全性は相対的に良好。上向きの確定や買い推奨ではなく、下落理由と危険度を深掘りする候補です。,9.525294170697107513806546100,13.46034138561669980847015250,3.685197652424372203336507900,-7.488050202469670223285177070,,,True,False,
GM,General Motors ゼネラル モーターズ,us,stock,sideways,2019-03-19,60,60,83.24,86.3500,0,100,蓄積上昇準備,形状は「蓄積上昇準備」。予測は上向き。下落安全性は相対的に良好。上向きの確定や買い推奨ではなく、下落理由と危険度を深掘りする候補です。,3.632086158928845313105003900,-5.879278738141619751118974730,3.423050320411652018126110800,-17.27046951919574481927955322,,,False,True,
GM,General Motors ゼネラル モーターズ,us,stock,chart_shape,2021-07-23,60,60,87.21,66.1000,2.2258673765246,97.7741326234754,押し目反発待ち,形状は「押し目反発待ち」。予測は上向き。下落安全性は相対的に良好。上向きの確定や買い推奨ではなく、下落理由と危険度を深掘りする候補です。,-11.17582734460332524046018632,3.549328015438767317786102200,11.08482035823577196831247280,-16.75881234266763360486303296,,,False,True,
GM,General Motors ゼネラル モーターズ,us,stock,already_rising,2023-11-29,60,60,45.51,44.5500,18.323804691774754,81.676195308225246,上昇済み・兆候薄め,形状は「上昇済み・兆候薄め」。予測は上向き。下落安全性は相対的に良好。危険条件は上限固定ではなく8点減点。上向きの確定や買い推奨ではなく、下落理由と危険度を深掘りする候補です。,14.55696305676998660711606670,27.15189816496766200879699400,39.14557180349649401459793620,-5.776563727011107553792791800,,,True,False,
GM,General Motors ゼネラル モーターズ,us,stock,already_rising,2026-04-13,60,60,48.30,52.9000,23.435671080275355,76.564328919724645,上昇済み・兆候薄め,形状は「上昇済み・兆候薄め」。予測は上向き。下落安全性は相対的に良好。危険条件は上限固定ではなく5点減点。上向きの確定や買い推奨ではなく、下落理由と危険度を深掘りする候補です。,-2.004426498535994521611207830,-0.2342838746400157822338544900,,-10.68618110430138531390108975,,,False,False,
HD,Home Depot,us,stock,chart_shape,2016-11-07,60,60,11.95,0,75,25,反転材料弱め,形状は「反転材料弱め」。予測の上向き材料は不足。下落安全性を確認。危険条件は上限固定ではなく28点減点。上向きの確定や買い推奨ではなく、下落理由と危険度を深掘りする候補です。,4.032327671243684848484848500,11.49898644649621010101010100,25.21211874605430303030303030,-4.197153886378726953744588390,,,True,False,
HD,Home Depot,us,stock,sideways,2019-03-19,60,60,84.31,71.7500,0,100,横ばい上放れ候補,形状は「横ばい上放れ候補」。予測は上向き。下落安全性は相対的に良好。上向きの確定や買い推奨ではなく、下落理由と危険度を深掘りする候補です。,11.04654092136465490359607870,9.895183151870895651199654200,26.47042249599408111811709550,-8.615517343955036270413961320,,,True,False,
HD,Home Depot,us,stock,already_rising,2021-07-23,60,60,57.74,52.7500,0,100,上昇済み・兆候薄め,形状は「上昇済み・兆候薄め」。予測は上向き。下落安全性は相対的に良好。危険条件は上限固定ではなく5点減点。上向きの確定や買い推奨ではなく、下落理由と危険度を深掘りする候補です。,-1.081602614807436313997391290,6.660862177521469752451157000,16.99314931525703594221354030,-4.821958456973293768545994070,,,False,False,
HD,Home Depot,us,stock,chart_shape,2023-11-29,60,60,58.46,44.3000,15.909532785616374,84.090467214383626,反転材料弱め,形状は「反転材料弱め」。予測は上向き。下落安全性は相対的に良好。上向きの確定や買い推奨ではなく、下落理由と危険度を深掘りする候補です。,11.68413530369366603810609280,20.75108058153933733628050620,6.292202435695680117586951100,-4.446324924964689265536723160,,,True,False,
HD,Home Depot,us,stock,already_rising,2026-04-13,60,60,55.05,59.9000,3.01404138723687,96.98595861276313,上昇済み・兆候薄め,形状は「上昇済み・兆候薄め」。予測は上向き。下落安全性は相対的に良好。危険条件は上限固定ではなく5点減点。上向きの確定や買い推奨ではなく、下落理由と危険度を深掘りする候補です。,-8.723182508550977070934126190,-0.7122736105337850729636729600,,-15.23689619554065474679251976,,,False,False,
KO,Coca-Cola,us,stock,chart_shape,2016-11-07,60,60,26.90,18.4500,55,45,反転材料弱め,形状は「反転材料弱め」。予測の上向き材料は不足。下落安全性は相対的に良好。危険条件は上限固定ではなく14点減点。上向きの確定や買い推奨ではなく、下落理由と危険度を深掘りする候補です。,-4.451246892135700533331427150,-2.166740906223310103880833030,2.190297515846812700259782000,-6.319969290264387188816234980,,,False,False,
KO,Coca-Cola,us,stock,sideways,2019-03-19,60,60,77.30,60.3000,0,100,蓄積上昇準備,形状は「蓄積上昇準備」。予測は上向き。下落安全性は相対的に良好。上向きの確定や買い推奨ではなく、下落理由と危険度を深掘りする候補です。,3.050920429654121673071438100,12.22563548492244125691852430,19.66637141000031223282086600,-3.383611498053969182392634300,,,True,False,
KO,Coca-Cola,us,stock,chart_shape,2021-07-23,60,60,50.67,43.1000,35,65,反転材料弱め,形状は「反転材料弱め」。予測は上向き。下落安全性は相対的に良好。上向きの確定や買い推奨ではなく、下落理由と危険度を深掘りする候補です。,-0.6490070913491116610077378100,-5.385019795141177749294302140,6.191900890936931666866526900,-8.716072305901561355860497300,,,False,False,
KO,Coca-Cola,us,stock,sideways,2023-11-29,60,60,65.55,41.3500,15,85,蓄積上昇準備,形状は「蓄積上昇準備」。予測は上向き。下落安全性は相対的に良好。上向きの確定や買い推奨ではなく、下落理由と危険度を深掘りする候補です。,0.893011268850336867255484900,3.623562814595421818387941900,8.191654637235254853397371000,-3.871182517954794853341923510,,,False,True,
KO,Coca-Cola,us,stock,sideways,2026-04-13,60,60,72.04,49.1500,0,100,蓄積上昇準備,形状は「蓄積上昇準備」。予測は上向き。下落安全性は相対的に良好。上向きの確定や買い推奨ではなく、下落理由と危険度を深掘りする候補です。,2.944640612699960626914370700,8.140286995422557756459026000,,-6.225584214007497229594622770,,,True,False,
SMH,ヴァンエック ベクトル半導体ETF,us,etf,etf,2016-11-07,60,60,49.70,33.6000,15,85,反転材料弱め,形状は「反転材料弱め」。予測の上向き材料は不足。下落安全性は相対的に良好。危険条件は上限固定ではなく3点減点。ETFには個別株の配当罠判定を適用しません。上向きの確定や買い推奨ではなく、下落理由と危険度を深掘りする候補です。,2.376446959965865332606501200,10.23473486990541724586249030,16.78087585765346089704452460,-5.619856129895690054191822520,,,True,False,
SMH,ヴァンエック ベクトル半導体ETF,us,etf,etf,2019-03-19,60,60,30.83,41.1000,55,45,上昇済み・兆候薄め,形状は「上昇済み・兆候薄め」。予測は上向き。下落安全性は相対的に良好。危険条件は上限固定ではなく13点減点。ETFには個別株の配当罠判定を適用しません。上向きの確定や買い推奨ではなく、下落理由と危険度を深掘りする候補です。,8.119455739009928216153463800,-1.745219523987012155671248510,12.00186694094037586758314800,-17.95986287757928605176852561,,,False,False,
SMH,ヴァンエック ベクトル半導体ETF,us,etf,etf,2021-07-23,60,60,62.81,77.8500,0,100,上昇済み・兆候薄め,形状は「上昇済み・兆候薄め」。予測は上向き。下落安全性は相対的に良好。危険条件は上限固定ではなく5点減点。ETFには個別株の配当罠判定を適用しません。上向きの確定や買い推奨ではなく、下落理由と危険度を深掘りする候補です。,-0.3614288930104572488905317000,2.852588864612305212463554200,18.86828660122819418734951990,-9.443191900329443748575676650,,,False,False,
SMH,ヴァンエック ベクトル半導体ETF,us,etf,etf,2023-11-29,60,60,63.62,58.0000,0,100,反転材料弱め,形状は「反転材料弱め」。予測は上向き。下落安全性は相対的に良好。ETFには個別株の配当罠判定を適用しません。上向きの確定や買い推奨ではなく、下落理由と危険度を深掘りする候補です。,8.390358206666692805681954500,29.30152075213098398464001310,45.85413140092345233247015400,-6.181050312442490045276008130,,,True,False,
SMH,ヴァンエック ベクトル半導体ETF,us,etf,etf,2026-04-13,60,60,50.03,73.4000,9.89720152579856,90.10279847420144,上昇済み・兆候薄め,形状は「上昇済み・兆候薄め」。予測は上向き。下落安全性は相対的に良好。危険条件は上限固定ではなく8点減点。ETFには個別株の配当罠判定を適用しません。上向きの確定や買い推奨ではなく、下落理由と危険度を深掘りする候補です。,29.99278258651863364967339190,37.07989026227399891830666490,,-13.07499730140853341714291196,,,True,False,
VZ,Verizon Communicatiuons ベライゾン コミュニケーションズ,us,stock,chart_shape,2016-11-07,60,60,21.20,0,75,25,押し目反発待ち,形状は「押し目反発待ち」。予測の上向き材料は不足。下落安全性を確認。危険条件は上限固定ではなく28点減点。上向きの確定や買い推奨ではなく、下落理由と危険度を深掘りする候補です。,6.110412098233033270980953300,2.359887838574488937800307700,-3.265906588623712280547153810,-11.63982555160216294927233996,,,False,False,
VZ,Verizon Communicatiuons ベライゾン コミュニケーションズ,us,stock,sideways,2019-03-19,60,60,57.59,40.7000,35,65,蓄積上昇準備,形状は「蓄積上昇準備」。予測は上向き。下落安全性は相対的に良好。上向きの確定や買い推奨ではなく、下落理由と危険度を深掘りする候補です。,2.243479853091033043478260900,0.208693794582201739130434800,2.017391038977582608695652200,-10.72602246949385676917397036,,,False,False,
VZ,Verizon Communicatiuons ベライゾン コミュニケーションズ,us,stock,chart_shape,2021-07-23,60,60,34.92,33.8500,55,45,反転材料弱め,形状は「反転材料弱め」。予測の上向き材料は不足。下落安全性は相対的に良好。危険条件は上限固定ではなく11点減点。上向きの確定や買い推奨ではなく、下落理由と危険度を深掘りする候補です。,-0.6442387320514530415712049800,-7.104511712274073192352141020,-4.348604614759619977318336690,-8.665478408847698732506434080,,,False,False,
VZ,Verizon Communicatiuons ベライゾン コミュニケーションズ,us,stock,chart_shape,2023-11-29,60,60,6.60,22.0000,75,25,反転材料弱め,形状は「反転材料弱め」。予測の上向き材料は不足。下落安全性を確認。危険条件は上限固定ではなく28点減点。上向きの確定や買い推奨ではなく、下落理由と危険度を深掘りする候補です。,-0.7150335144809325991410116700,5.746827542640816622039063200,5.376066430692887142810171200,-6.589792753942886411539093010,,,False,False,
VZ,Verizon Communicatiuons ベライゾン コミュニケーションズ,us,stock,falling_knife,2026-04-13,60,60,30.65,50.2500,15,85,落ちるナイフ注意,形状は「落ちるナイフ注意」。予測は上向き。下落安全性は相対的に良好。危険条件は上限固定ではなく22点減点。上向きの確定や買い推奨ではなく、下落理由と危険度を深掘りする候補です。,3.985031805942606298335075600,-7.001313559393197470002373000,,-13.40482527326141099257153904,,,False,False,
XLE,ST エネルギー セレクト セクター SPDR ETF,us,etf,etf,2016-11-07,60,60,69.61,52.0500,0,100,蓄積上昇準備,形状は「蓄積上昇準備」。予測は上向き。下落安全性は相対的に良好。ETFには個別株の配当罠判定を適用しません。上向きの確定や買い推奨ではなく、下落理由と危険度を深掘りする候補です。,8.840090741631552251453465600,6.023397323044708076284344300,-2.773372389483721514225171110,-7.028139653108116924806485080,,,False,True,
XLE,ST エネルギー セレクト セクター SPDR ETF,us,etf,etf,2019-03-19,60,60,11.57,36.5500,75,25,反転材料弱め,形状は「反転材料弱め」。予測の上向き材料は不足。下落安全性を確認。危険条件は上限固定ではなく26点減点。ETFには個別株の配当罠判定を適用しません。上向きの確定や買い推奨ではなく、下落理由と危険度を深掘りする候補です。,2.053141084256330605237448100,-7.291663907192282623189590490,-9.103259320295101420884154690,-14.34193275769082885772191530,,,False,False,
XLE,ST エネルギー セレクト セクター SPDR ETF,us,etf,etf,2021-07-23,60,60,81.32,93.0500,21.43050477225662,78.56949522774338,底打ち接近,形状は「底打ち接近」。予測は上向き。下落安全性は相対的に良好。ETFには個別株の配当罠判定を適用しません。上向きの確定や買い推奨ではなく、下落理由と危険度を深掘りする候補です。,-5.420447327498749535894184610,18.23989775479280352146518260,30.56471120454096795939372280,-8.766682270519426224961340670,,,True,False,
XLE,ST エネルギー セレクト セクター SPDR ETF,us,etf,etf,2023-11-29,60,60,74.56,46.5000,0,100,蓄積上昇準備,形状は「蓄積上昇準備」。予測は上向き。下落安全性は相対的に良好。ETFには個別株の配当罠判定を適用しません。上向きの確定や買い推奨ではなく、下落理由と危険度を深掘りする候補です。,0.011904471114145668570638300,2.225663914896571985525387100,9.592960616540830958612606700,-7.210867262448057847458615690,,,False,True,
XLE,ST エネルギー セレクト セクター SPDR ETF,us,etf,etf,2026-04-13,60,60,90.07,76.6000,0,100,押し目反発待ち,形状は「押し目反発待ち」。予測は上向き。下落安全性は相対的に良好。ETFには個別株の配当罠判定を適用しません。上向きの確定や買い推奨ではなく、下落理由と危険度を深掘りする候補です。,0.105056133693815880098247500,-4.009807198482611120765341790,,-13.83586134045559495872751505,,,False,True,
XLV,ST ヘルスケア セレクト セクター SPDR ETF,us,etf,etf,2016-11-07,60,60,12.25,4.8500,75,25,反転材料弱め,形状は「反転材料弱め」。予測の上向き材料は不足。下落安全性を確認。危険条件は上限固定ではなく28点減点。ETFには個別株の配当罠判定を適用しません。上向きの確定や買い推奨ではなく、下落理由と危険度を深掘りする候補です。,0.440016207707534623059711200,4.752123568887063408748998100,11.29362997033846677574921590,-5.128561059466629738519445360,,,False,False,
XLV,ST ヘルスケア セレクト セクター SPDR ETF,us,etf,etf,2019-03-19,60,60,77.12,56.8000,0,100,横ばい上放れ候補,形状は「横ばい上放れ候補」。予測は上向き。下落安全性は相対的に良好。ETFには個別株の配当罠判定を適用しません。上向きの確定や買い推奨ではなく、下落理由と危険度を深掘りする候補です。,-4.601428010343277824190674340,-1.209767470760991562471900310,-2.322317437195946910278472250,-7.345002070929795959864813640,,,False,True,
XLV,ST ヘルスケア セレクト セクター SPDR ETF,us,etf,etf,2021-07-23,60,60,61.23,46.5500,15,85,反転材料弱め,形状は「反転材料弱め」。予測は上向き。下落安全性は相対的に良好。ETFには個別株の配当罠判定を適用しません。上向きの確定や買い推奨ではなく、下落理由と危険度を深掘りする候補です。,3.521451957153300418497335200,-3.331303160744285317755554820,3.757227412482745379752038800,-8.410675376162305201636788800,,,False,False,
XLV,ST ヘルスケア セレクト セクター SPDR ETF,us,etf,etf,2023-11-29,60,60,64.44,45.8000,0,100,反転材料弱め,形状は「反転材料弱め」。予測は上向き。下落安全性は相対的に良好。ETFには個別株の配当罠判定を適用しません。上向きの確定や買い推奨ではなく、下落理由と危険度を深掘りする候補です。,5.058615968450731995498609900,13.15547021970868791068007040,12.97810208328136657760214850,-2.382882594746001191438263870,,,True,False,
XLV,ST ヘルスケア セレクト セクター SPDR ETF,us,etf,etf,2026-04-13,60,60,72.12,52.4000,0,100,蓄積上昇準備,形状は「蓄積上昇準備」。予測は上向き。下落安全性は相対的に良好。ETFには個別株の配当罠判定を適用しません。上向きの確定や買い推奨ではなく、下落理由と危険度を深掘りする候補です。,-3.331761771912820233353328200,9.596537697571767867652406200,,-4.024729839057364187084389810,,,True,False,
